text,true_label,predicted_label,prob_fake
ben carson gets humiliating trump campaign demotion claims he requested it fools no one ben carson was very briefly the republican frontrunner for president of the united states and now he s getting demoted by donald trump s campaign for being too big a liability the campaign which once tweeted a picture of trump eating a taco bowl with the caption i love hispanics thinks carson makes them look bad and sadly they re probably right ben carson has managed to step on every rake in the yard in his bumbling attempt to help trump get elected president he s confided to reporters on the record that trump might make a terrible president but at least we re only looking at four years how bad has carson been for trump dubbing him the worst surrogate ever cbs news emily schultheis pegged carson early on a campaign surrogate s job is to travel across the country and go on tv saying nice things about the candidate and helping boost his or her chances at the presidency what a campaign surrogate is not however supposed to do is suggest their candidate is a bad person admit he has a twitter problem and an issue with humility defend that candidate by suggesting a tv anchor has been charged with a crime and reassure skeptics that even if your candidate is a terrible president it s only for four years so when carson made headlines yet again for screwing up this time naming a list of potential vice presidents trump was considering including alaskan campaign death knell sarah palin carson was removed from the vice presidential planning group or as carson s spin team meekly put it he asked to be removed because he had many more super important jobs to do that lie was exposed in less than a week the real story is that trump kicked carson to the curb because carson had absolutely no idea what he was doing three sources close to the trump campaign said carson didn t leave on his own he was pushed according to sources close to trump s campaign carson was demoted after trump specifically wanted him to head up the vp selection team he submitted names that he thought would be valuable picks and inevitably lost his top spot days later carson allegedly called trump afterwards and was angry that the situation played out like this at this point it s hard not to feel bad for carson having seen the highs of being a front runner carson got smoked in iowa thanks to a vicious lie spread by ted cruz later he would be pulled into a literal closet to hear ted cruz tell him sorry not sorry only to finally give up and throw his lot in with trump a man who once called him a pathological liar barely above a child molester now that same man is firing him and only because carson s mouth almost never bothers communicating with his brain before saying things like he has some major defects there s no question about it just like the rest of us but before we let carson s sadsack routine tug on our heartstrings let s remember that this is a man who ran for president on the premise that the egyptian pyramids were grain silos only to give up and throw his weight behind a man he seems to have nothing but contempt for just to cling a bit longer to the political spotlight carson s right about one thing he does have major defects featured image via justin sullivan getty images,1,0,0.0004373386
u s backed alliance says russian jets struck its fighters in east syria beirut reuters u s backed syrian militias said russian warplanes struck their positions in deir al zor province on monday which moscow denied generating friction between two rival campaigns against islamic state the syrian democratic forces sdf alliance of kurdish and arab militias fighting with a u s led coalition said the attack killed one of its fighters and injured two major general igor konashenkov of russia s defense ministry was cited by ria news agency as issuing a denial saying russia was always careful to ensure its air strikes were accurate a spokesman for the u s led coalition colonel ryan dillon said rounds had hit in the area around the sdf but he could not confirm they were fired by russia a war monitor the syrian observatory for human rights said russian rounds had not hit the sdf near deir al zor the sdf later said it had responded to the source of fire that targeted it from near the city of deir al zor on monday morning without specifying which forces it had attacked russia and the united states back separate offensives against islamic state in eastern syria both of which are advancing in oil rich deir al zor province bordering iraq the assaults are converging on islamic state from opposite sides of the euphrates that bisects the province the jihadists last major foothold in syria with the river often acting as a dividing line but their proximity has at times raised the risk of clashes that could stoke tensions between the competing world powers with russian air support and iran backed militias syrian troops are advancing along the west bank of the river a kurdish commander of the sdf which has approached along the east bank with u s jets and special forces told reuters on monday the alliance expected to completely push islamic state out of its former syrian headquarters of raqqa within a month with the kurdish ypg militia at its forefront the sdf said last week that after seizing percent of raqqa the battle for the city had entered its final stages in the coming days the battles will be at their most intense said jihan sheikh ahmed spokeswoman for the offensive we expect under our plan that we will be able to liberate raqqa in less than a month right to self defence the sdf also captured a large gas field on the euphrates bank on saturday russian and regime forces have mounted a treacherous attack against our forces there with artillery and aircraft the sdf said in a statement we will not stand by with our arms crossed and we will use our legitimate right to self defense on monday russia s deputy foreign minister sergei ryabkov said u s policy in syria was to blame for the death from shelling of russian general valery asapov near deir al zor which the defense ministry in moscow announced on sunday ryabkov called into question u s commitment to the fight against islamic state accusing it of trying to slow the syrian army s advance last week the pentagon accused moscow of bombing sdf positions on the eastern side of the river russia denied this warning the united states it would target the sdf if its own forces came under fire dillon spokesman for the u s led coalition said it was communicating with russia to ensure measures to avoid unintended conflict between the offensives were being followed,1,0,0.00045526755
trump just got punked hard for his acceptance of a purple heart trump s acceptance of a purple heart and his saying that he d always wanted one of those really pissed off a lot of people considering that the way one actually earns a purple heart is to be wounded in action cameron kerr a true purple heart recipient decided to start a satirical gofundme page in response to trump s sheer gall the page called help trump get a purple heart explains that the money raised doesn t actually help trump do anything instead kerr has every penny going to help syrian refugees a group of people that trump says we can t vet and is a huge trojan horse of terrorists kerr said as with seemingly everything else in his life mr trump got one handed to him instead of earning it that being said as a purple heart recipient proof who earned one the old fashioned way by returning from afghanistan one leg lighter i fully endorse his desire to earn one and would happily oblige his interest in doing so by being one of the first to chip in to fly him to the conflict zone of his choosing after all you re never too old to follow your dreams emphasis in source since kerr can t actually accomplish that he is instead turning one of trump s biggest insults to those who serve and sacrifice into something positive let s face it if trump hates it helping it is probably positive the groups to which the money goes are all vetted so donors know that their money actually is going towards its intended cause if trump knew he d probably have a conniption because his name is tied to this the money is going to three different groups in short kerr found a way to turn trump s insults dullness and hatred into something good it s such a crying shame trump won t be able to earn a purple heart the right way is it not however he can help syrians escape their war torn land even if he doesn t realize he s doing it joke s on him photo by alex wong getty images,1,0,0.0007346841
on putin s birthday opposition activists protest call for him to quit moscow st petersburg reuters police detained more than opposition activists on saturday for taking part in a wave of anti kremlin protests across russia in support of jailed opposition leader alexei navalny ahead of a presidential election in march a monitoring group reported under grey skies and intermittent rain over two thousand people gathered in central moscow s pushkin square and chanted russia will be free and russia without putin before walking towards the kremlin and parliament police briefly detained a few people but did not charge anyone it was a different story at rallies in other cities however and the ovd info monitoring group a non profit organization said at least people had been detained in towns in st petersburg putin s home town a reuters witness saw riot police roughly detain at least people ovd info said at least people had been detained in the city navalny who is serving a day jail term for violating rules on public meetings called the rally in moscow and other cities to coincide with putin s th birthday putin who has dominated russia s political landscape for almost years is widely expected to run for what would be his fourth term navalny hopes to run too despite the central election commission declaring him ineligible due to a suspended prison sentence he says was politically motivated one of the moscow protesters held a homemade poster of putin sitting on a mountain of banknotes wearing a crown with the legend happy birthday you little thief others carried posters citing their right to protest some waved russian flags and a few carried inflatable yellow ducks a jokey reference to navalny accusing prime minister dmitry medvedev of owning a lavish estate with a duck house medvedev called the claims politically motivated nonsense in st petersburg some activists waving red and white banners gathered in a square before heading for the city s main street shouting putin is a thief and free navalny the size of saturday s moscow rally and others across russia looked far more modest than navalny backed mass protests in march and june which were widely recognized to be some of the biggest since many of the moscow protesters were teenagers or in their twenties carrying a yellow duck ulugbek apsapayev said he had turned up because he wanted a better future for russia the duck is a sign that we support alexei navalny who also wants only good things for the country but unfortunately we only have vladimir putin and his gang in power putin is popular across the country however especially outside major cities where his strong leadership style and tough foreign policy stance go down well he is expected to confirm later this year that he will run for another six year term opinion polls show he would comfortably beat navalny if the opposition leader was allowed to run navalny says such polls are meaningless because there is no fair political competition putin spent his birthday taking congratulatory calls from other world leaders and chaired a security council meeting authorities had refused to approve most of saturday s rallies but navalny says russians right to protest is enshrined in the constitution a reuters reporter at a rally in the urals city of yekaterinburg saw police detain at least eight people among a crowd of over protesters,1,0,0.0010037582
think your obamacare plan will be like employer coverage think again the new york times when obamacare was developed one goal was to allow americans to use the new marketplaces to buy the same kind of health insurance they had at their jobs people could retire early or quit a corporate job and become a freelancer and still have the great care and financial protection that come with plans but six years into the health law the reality is that a typical obamacare plan looks more like medicaid only with a high deductible the typical marketplace plan covers a small number of doctors and hospitals and offers fewer frills than employer plans the recent exits of many of the national insurers from markets around the country will only heighten the shift that change in norms may not be all bad it largely reflects the preferences of obamacare s consumers who are shopping aggressively for the most affordable health insurance they can find but it is different from how the law s marketplaces were imagined and described when the legislation was written the bill said that benefits should be similar to those from employer plans the law was supposed to help people like professionals hoping for a change president obama infamously promised if you like your doctor you will be able to keep your doctor period as networks of doctors narrow that is getting tough for some shoppers when the first obamacare plans were released for many experts and customers were surprised at how many featured very limited numbers of doctors and hospitals three years later and the trend has only intensified many of the companies providing coverage like unitedhealth group aetna and humana which tended to offer broad networks have been exiting the markets although the local blue cross plans largely remain many are sharply narrowing the networks offered by their exchange plans the other insurers are either local plans that are often tied to a particular health system or a company that specializes in medicaid patients unlike many employer plans these policies often do not allow people to go out of network for care if they want the visit to be covered according to analyses by two consulting firms avalere health and mckinsey the number of plans that offer a wide choice of doctors and hospitals is on a steady decline of plans were health maintenance organization plans that offer care from only a limited choice of doctors and hospitals this year according to an analysis from mckinsey s center for u s health system reform and even plans that offer benefits were limiting the doctors who would be covered as with recent carrier exits this trend is only growing said erica coe a mckinsey partner those changes have been a shock to many professionals who thought the obamacare marketplace would match their previous experience from the corporate world when chris foley left his career in finance to begin one in comedy and acting he assumed his health insurance would look like the coverage he d received while working for big banks the transition was a challenge first he bought a plan through a new york state program before obamacare that had skimpier coverage and bigger deductibles than his corporate plan then when he signed up for his first obamacare plan in he found that his doctor of years wasn t covered by any of the options he needed a colonoscopy last year and had a hard time finding a doctor who was covered he was surprised when he was asked to pay out of pocket for a prescription drug at the pharmacy i was frustrated i was pretty angry about not having good coverage said mr foley who said he briefly considered a return to the corporate world but over time he said he made peace with his skimpier insurance his premiums were affordable i was covered for any kind of disaster or hospital visit or anything like that and that s very important he said insurers say they are shrinking the benefits in response to market pressures what s driving it is the demand from consumers who are paying directly for these plans said jon kingsdale who teaches at the boston university school of public health and is a managing director at the wakely consulting group when they compete on the exchange head to head with plans the plans are winning whether the narrower plans that are dominating the obamacare exchanges are ultimately good or bad for patients health is not clear many of these plans are new and there s not much evidence about whether they do a good job of caring for patients while avoiding providers or simply cover so few doctors particularly specialists that patients struggle to get necessary care one recent study of a narrow network plan in massachusetts found that patients who chose it over a more traditional employer plan spent less on health care and were no worse off there are also longstanding narrow h m o plans like kaiser permanente and the group health cooperative that have good reputations and happy customers but those results may not apply broadly recent surveys from the kaiser family foundation and the commonwealth fund two health research groups found that large majorities of customers liked the cheaper plans they bought many of those customers are not like mr foley they didn t have insurance before or their previous coverage and expectations were based on their experience with medicaid,1,0,0.0013053357
watch donald trump promises he will declare war on isis but there s one giant problem the founding fathers are rolling in their graves during an interview with leslie stahl on minutes which will air on sunday evening donald trump once again blamed president obama for isis and vowed to declare war on the terrorist organization since obama will not we re going to declare war against isis trump said we have to wipe out isis there s just one big problem with that promise it s blatantly unconstitutional for some reason every republican in america seems to think that president obama has the power to declare war and that means none of the republicans who proudly carry pocket versions of the constitution with them have never actually read it article i section clearly states that only congress has the power to declare war the congress shall have power to declare war grant letters of marque and reprisal and make rules concerning captures on land and water that s what the constitution says but just like fox news host jeanine pirro who somehow became an attorney and judge said on friday when she whined about president obama not declaring war on isis trump seems to think the president has that power it s asinine and it is something most people learn in middle school if he wants to blame anyone for not declaring war he should blame republicans in congress it s their job and if they are really that scared of isis they should do it oh but there s more president obama can only do so much to fight isis without a declaration of war from the lazy bums who control congress right now and he s doing it by ordering airstrikes sending military advisers gathering intelligence authorizing drone strikes and working with our allies all of this is combating isis to the point where they are close to being forced underground and their recruiting and finances are suffering and to hear trump talk that s all he plans to do as well trump avoided saying he would use troops in a ground war against isis but bragged that his intelligence network would somehow be stronger even though the american intelligence apparatus is the strongest it has ever been i am going to have very few troops on the ground trump said we re going to have unbelievable intelligence which we need which right now we don t have we don t have the people over there trump also seems to think beating isis is as easy as surrounding them as if they are a country and he claims he ll get nato involved we re going to have surrounding states and very importantly get nato involved because we support nato far more than we should frankly because you have a lot of countries that aren t doing what they re supposed to be doing we have to wipe out isis first of all isis is present in several countries you can t just surround them it s more complicated then that beating isis isn t going to happen in days weeks or even months it s going to take a long time we are talking about an organization that is scattered around and no american president can just force nato to do anything and threatening to pull money or support from nato just because you aren t getting your way isn t how international cooperation works that s how spoiled brats act mike pence then chimed in by blaming president obama and hillary clinton for isis the larger issue here is declining american power in the world i truly do believe that history teaches that weakness arouses evil and whether it be the horrific attack in france the inspired attacks here in the united states the instability in turkey that led to a coup i think that is all a result of a foreign policy of hillary clinton and barack obama that has led from behind and that has sent an inexact unclear message about american resolve here s the video via youtube but president obama did not create the atmosphere in the middle east that allowed isis to rise in the first place that responsibility falls at the feet of president bush who pushed for war in iraq and the republican controlled congress that approved it the unnecessary war with iraq destabilized the region and created a power vacuum that isis took advantage of plus it was president bush who signed the status of forces agreement with iraq that led to the complete withdrawal of troops from iraq so not only does trump fail at american government he fails at american history too featured image via screenshot,1,0,0.0013481079
catalan leader accuses spain of unjustified violence in referendum crackdown barcelona reuters catalan regional leader carles puigdemont accused spanish authorities of using unjustified disproportionate and irresponsible violence in a crackdown on a catalan independence referendum on sunday the batons rubber bullets and violence used by spanish police to prevent voting in what spanish authorities have said was an illegal referendum had shown a dreadful external image of spain he told reporters the unjustified disproportionate and irresponsible violence of the spanish state today has not only failed to stop catalans desire to vote but has helped to clarify all the doubts we had to resolve today he said,1,0,0.0014454066
jeff gundlach s warning and danger for key global markets views october gold kwn king world news here is a look at jeff gundlach s warning and danger for key global markets here is a portion of what peter boockvar wrote today as the world awaits the next round of monetary madness yes markets globally are trading lower after the apple numbers but we are also seeing another rise in interest rates especially in europe it s another day of both bonds and stocks trading lower which makes perfect sense as its contra to the last years where bonds and stocks rallied together and the same trend from to company doug casey rick rule and sprott asset management are pounding the table on that already has a staggering million ounces of gold that just added another massive deposit and is quickly being recognized as one of the greatest gold opportunities we can continue to analyze earnings and the economic fundamentals every which way to try to figure out where stocks go but let s be honest it s all about where rates go in the monetary world we live in the german yr bund is up bps to which would be a closing month high the yr gilt yield is breaking out by bps to the highest since the day of the uk vote the french yr yield is up by bps and the italian yr yield is higher by bps to also a month high i can t blame bond weakness in asia as yields there were little changed the us yr is getting dragged up to testing yesterday s intraday high the us yr yield is up by bps to the highest since early june on the heels of the weak yr note auction yesterday i ll reiterate the factors in our bearish case for bonds in a bond world dominated by central banks damaged bank profitability in japan and europe has the boj and ecb acknowledging their monetary limits with nirp and curve flattening the boj and ecb are also running out of bonds to buy starving pension funds savers and insurance companies of yield is gaining fodder for political pushback against central bankers especially from politicians in europe including in the uk mark carney and janet yellen admit that they re willing to tolerate higher inflation at the same time inflation stats are moving higher with core inflation sticky due to gains in services commodity prices ending their yr bear market i believe will continue to shift headline inflation higher in coming months and quarters crb raw industrials index is just shy of a month high and energy prices are all up y o y atlanta fed wage growth tracker is at its highest level since january foreigners are aggressive net sellers of us notes and bonds b year to date even without fiscal stimulus the us budget deficit is expected to gap higher in coming years also of importance and here is a portion of today s note from art cashin overnight and overseas in asia markets were a bit mixed japan was up a smidge but hong kong and india got dinged smartly shanghai saw more moderate losses in europe stocks are generally lower as crude continues to trade below and apple is getting beat up a bit after their earnings report in other assets the euro rallied a bit against the dollar crude trades near and gold is down a shade consensus the apple fallout weighs on the equity futures crude will be followed closely and could have a big influence if it breaks below if equity selling turns intense traders will watch the s p level a close below that would trigger the gundlach warning stay wary alert and very very nimble a big picture look at gold silver and the u s dollar,1,0,0.0022971183
breaking anthony weiner cooperating with fbi investigation home headlines world news breaking anthony weiner cooperating with fbi investigation fox news reported moments ago that anthony weiner is cooperating with the fbi investigation implications the fbi no longer needs a search warrant to examine the contents of weiner s laptop seized in the investigation as intelligence agency whisperings have been suggesting for days we suspect there must be a smoking gun on weiner s laptop for the fbi to be forced into reopening the investigation for if fbi director comey really wanted to conduct a complete investigation including hillary s thousands of bleached emails he would simply contact the nsa and request the results of an x keyscore search for the results of the email address email protected the fact that this never happened despite the fact that the fbi and doj assuredly knows of this capability and uses it in the investigation of suspects not named hillary clinton indicates to us that the fbi has been forced into this action due to an imminent criminal bombshell regarding hillary s emails likely from an intelligence agency insider,1,0,0.0037113163
video unbelievable punishment for sexual predator at the epa who was fed a steady diet of interns epa director gina mccarthy gets into a heated exchange with cong jason chaffetz over how she handled a repeat offender of sexual harassment does anyone in government ever get fired i don t think they do,1,0,0.004091484
reader s guide to this fall s big book awards the new york times it s that time of year when the literary world hands out its biggest prizes next week s announcement of the nobel prize in literature will be followed by the awarding of the man booker prize later in october and the national book awards in november here s a guide to the finalists for the honors and the chatter about who might win the nobel nobel prize in literature this year s nobel prize in literature will be announced on oct a week later than usual the voting process is a closely guarded secret but that never stops readers from scrambling to figure out who might be next to receive the honor last year s winner svetlana alexievich was one of the rare nonfiction writers to take home the medal two familiar names sit atop this year s odds board according to the gambling site ladbrokes the japanese novelist haruki murakami and the syrian poet adonis they are followed by philip roth who would be the first american to win the award since toni morrison in though he may not have helped his chances with this comment in a interview i wonder if i had called portnoy s complaint the orgasm under rapacious capitalism if i would thereby have earned the favor of the swedish academy other names on the list include joyce carol oates the kenyan novelist ngugi wa thiong o the albanian novelist ismail kadare and the spanish novelist javier mar as man booker prize the six booker finalists were drawn from an earlier longlist and the winner will be announced on oct in the prize which had previously been limited to writers from britain ireland the commonwealth and zimbabwe changed its rules to include submissions from any author whose work was published in britain and was first written in english this year s six finalists the sellout by paul beatty beatty s bold satire about race in america was one of the book review s best books of in the book review kevin young wrote about the novel in the context of the history of black satire he said beatty takes delight in tearing down the sacred not so much airing dirty laundry as soiling it in front of you dwight garner wrote that the first third of the book reads like the most concussive monologues and interviews of chris rock richard pryor and dave chappelle wrapped in a satirical yet surprisingly delicate literary and historical sensibility hot milk by deborah levy levy s novel is about a young woman named sofia who has traveled to spain with her mother rose in search of a cure for rose s possibly psychosomatic ailments in the times sarah lyall called the book gorgeous and wrote it s a pleasure to be inside sofia s insightful questioning mind in the book review leah hager cohen expressed mixed feelings as a series of images the book exerts a seductive arcane power rather like a deck of tarot cards every page seething with lavish cryptic innuendo yet as a narrative it is wanting his bloody project by graeme macrae burnet burnet s novel about a triple murder in scotland will be published in the u s on oct it starts with a confession so it s not a whodunit but a whydunit my primary interest is in the psychology of the character burnet recently told the wall street journal rather than the mystery of what s happened eileen by ottessa moshfegh one of the most widely praised debuts by an american writer this year moshfegh s novel is about a young woman working at a juvenile detention center in new england in the s on the cover of the book review lily king praised moshfegh s sentences as playful shocking wise morbid witty searingly sharp and said that as a character eileen is as vivid and human as they come all that man is by david szalay szalay s novel is composed of nine narratives with different male protagonists in the book review garth greenwell praised the novel while questioning its label the publisher calls all that man is a novel but there s very little explicitly interlinking its separate narratives the stories cohere instead through their single project an investigation of european manhood do not say we have nothing by madeleine thien thien s latest novel which will be published in the u s on oct traces the effects of mao s cultural revolution from mao s rise to the tiananmen square protests it follows three musician friends through the country s changes the national book awards the national book awards are given in four categories fiction nonfiction poetry and young people s literature the longlists of finalists have been announced the shortlists will be announced on oct moved up from the earlier announced date of oct with the winners to follow on nov the national book awards longlist for fiction update the following books were announced as shortlist finalists for this award the throwback special by chris bachelder news of the world by paulette jiles the association of small bombs by karan mahajan the underground railroad by colson whitehead and another brooklyn by jacqueline woodson the throwback special by chris bachelder bachelder s fourth novel follows a group of men as they reunite for the th straight year of an odd ritual one of the most iconic and gruesome plays in football history when the giants linebacker lawrence taylor sacked the redskins quarterback joe theismann in shattering theismann s leg and ending his career in the book review john williams wrote that the novel s imaginative freshness allows for sly new questions to be implicitly asked about men s relationship to sports to violence to nostalgia and to one another what belongs to you by garth greenwell in this debut novel a gay american poet narrates his experience in bulgaria where homosexuality remains a cultural taboo dwight garner called it an incandescent book in which an old tale is made new and made punishing in the book review aaron hamburger praised it as a rich important debut an instant classic to be savored by all lovers of serious fiction because of not despite its subject a gay man s endeavor to fathom his own heart imagine me gone by adam haslett haslett s second novel centers on michael a man who has inherited his father s psychological instability in the book review bret anthony johnston wrote by putting the readers in the same position as michael s family members haslett has pulled off something of a brilliant trick we feel precisely what they feel the frustration the protectiveness the hope and fear and yes the obligation news of the world by paulette jiles in this historical novel being published in the u s this week an elderly war veteran in s texas goes on a long journey with a orphan hoping to return her to relatives in san antonio the association of small bombs by karan mahajan mahajan s second novel examines the effects of a terrorist bombing in delhi on the families of two young boys who were killed fiona maazel in the book review started her assessment like this allow me to skip the prelude to judgment that usually begins a book review and just get right to it karan mahajan s second novel the association of small bombs is wonderful it is smart devastating unpredictable and enviably adept in its handling of tragedy and its fallout if you enjoy novels that happily disrupt traditional narratives about grief death violence politics i suggest you go out and buy this one post haste the portable veblen by elizabeth mckenzie jennifer senior called mckenzie s latest novel a screwball comedy with a dash of mental illness a conventional tale of family pathos a sendup of big pharma a meditation on consumption marriage the nature of work it also includes a squirrel that may or may not be communicating with the lead character in the book review patricia park said mckenzie adroitly skirts the line between the plausible and the absurd sweet lamb of heaven by lydia millet a woman in alaska flees her politically ambitious husband with her daughter in tow in the prolific millet s latest novel in the book review laura lippman wrote i have little patience with literary novels that claim to have the propulsive momentum of a thriller yet millet pulls it off miss jane by brad watson watson s novel is based on the life of a in rural mississippi in the early th century who couldn t have children and never married in the book review amy grace loyd wrote watson s facility with upending expectations and upsetting the lines between all sorts of categories good and bad normal and abnormal pride and shame love and hate is at its keenest and applied most carefully the underground railroad by colson whitehead whitehead s novel imagines the underground railroad as a literal mode of transportation the book has been selected by oprah winfrey s book club and has spent eight weeks and counting on the times s list michiko kakutani called it a potent almost hallucinatory novel that leaves the reader with a devastating understanding of the terrible human costs of slavery in the book review juan gabriel v squez wrote in its exploration of the foundational sins of america it is a brave and necessary book another brooklyn by jacqueline woodson woodson is a celebrated writer of children s books brown girl dreaming and many others and this is her first novel for adults in years in it an anthropologist returns home for the funeral of her father and is spurred to memories of her girlhood in the book review tayari jones called the novel haunting and powerfully insightful the national book awards longlist for nonfiction update the following books were announced as shortlist finalists for this award strangers in their own land by arlie russell hochschild stamped from the beginning by ibram x kendi nothing ever dies by viet thanh nguyen the other slavery by andr s res ndez and blood in the water by heather ann thompson america s war for the greater middle east by andrew j bacevich the military historian bacevich offers a history and critique of america s militarized approach to the middle east in the book review david rohde said that bacevich s latest book extends his string of brutal bracing and essential critiques of the pernicious role of reflexive militarism in american foreign policy as in past books bacevich is profane and fearless the firebrand and the first lady by patricia the story of eleanor roosevelt s long friendship with pauli murray a black woman born in who was a poet memoirist lawyer activist and episcopal priest irin carmon in the book review wrote allows these women to speak for themselves a light touch that works with two heavyweights imbeciles by adam cohen cohen revisits the u s supreme court s decision in buck v bell which upheld a statute that enabled the state of virginia to sterilize mental defectives on the cover of the book review david oshinsky called it a superb history of eugenics in america jennifer senior felt the book was repetitive and disorganized and wished cohen spent more time on the american obsession with the feebleminded which is by far the richest most fascinating most horrifying aspect of his book and less time in the courtroom strangers in their own land by arlie russell hochschild in this unprecedented election year hochschild s book takes a close look at tea party supporters in louisiana in the book review jason deparle called it a generous but disconcerting work while her hopes of finding common political ground seem overly optimistic this is a smart respectful and compelling book stamped from the beginning by ibram x kendi in his latest the historian kendi looks at the long history of racist thought in america and how it has been used to enforce discrimination nothing ever dies by viet thanh nguyen nguyen won the pulitzer prize in april for his novel the sympathizer that book was set against the vietnam war in this nonfiction work nguyen looks closely at the war and at how it was perceived by the various sides involved nguyen discussed his work on the book review s podcast earlier this year weapons of math destruction by cathy o neil o neil s book raises concern about the increasing role algorithms play in regulating people clay shirky wrote her knowledge of the power and risks of mathematical models coupled with a gift for analogy makes her one of the most valuable observers of the continuing weaponization of big data the other slavery by andr s res ndez this ambitious history looks at the centuries during which tens of thousands of native americans were enslaved and the profound effect the practice had on indian populations across north america the slave s cause by manisha sinha sinha a professor of studies at the university of massachusetts amherst aims to connect the war against slavery in the united states to other liberation movements it is difficult to imagine a more comprehensive history of the abolitionist movement ira berlin wrote in the book review blood in the water by heather ann thompson thompson s account of the notorious attica prison uprising in is one of the year s most discussed works of history this is not an easy book to read the countless episodes of inhumanity on these pages are heartbreaking james forman jr wrote in the book review but it is an essential one mark oppenheimer wrote that not all works of history have something to say so directly to the present but thompson s book which deals with racial conflict mass incarceration police brutality and dissembling politicians reads like it was for the sweltering summer of under the national book foundation which administers the national book awards has also announced the winners of its annual under honors which recognize five especially promising debut fiction writers under the age of this year s winners are brit bennett the mothers yaa gyasi homegoing greg jackson prodigals s li transoceanic lights and thomas pierce hall of small mammals,1,0,0.004153631
youtube reinstates milo s livestream morning after event breitbart yesterday afternoon milo s youtube channel was tagged with a warning for a video calling the democrats the party of the cuckold and promptly had it s livestream privileges revoked hours before his university of new mexico event on immigration now the morning after it s finally been reinstated youtube addressed the appeal this morning with this thanks for contacting youtube i hope this email finds you well regards,1,0,0.0042120926
leaked tape exposes george soros obama group planning to infiltrate disrupt republican town hall meetings demand media attention james proctor has been identified as the ringleader in the radical group indivisible who can be heard directing the fake protesters on how to disrupt gop town halls in the audio he can be heard giving the likely paid actors a few last minute tips before heading out dress conservatively behave conservatively right look and dress like students dress like housewife wear a suit and tie any signifier that you re a liberal leave it the recordings have been authenticated by kpel news james proctor who can be heard speaking in the recording says he does live in the acadiana area proctor says some of his comments were taken out of context as the published recording is only a portion of the hour and a half long meeting he works with the group indivisible guide the groups name can be heard on the recording of the meeting indivisible the george soros spinoff outfit which is along with barack obama s organizing for america collaborating to salt the town halls of republican members of congress with activists and agitators seeking to disrupt those town halls and make those members look bad on tv this outfit scored a win of sorts on bill cassidy at his gathering in metairie yesterday packing the room with people who berated the senator with boos uncivil questions and unhinged hectoring here s what hillary had to say about americans who were sickened by the organized protesters showing up at town hall meetings if you can t stand the heat get out of the congress hillary clinton february watch the shameful local news media giving these organized freaks media coverage as though they were legitimate citizens who were just randomly attending bill cassidy s town hall meeting during the town hall meeting organized protesters screamed at the pastor who was opening the meeting with a prayer to pray on your own time they also interrupted the pledge of allegiance this reporter not only ignored both of those disgusting acts she also goes to great lengths to discredit any idea that these people were organized she even went as far as to attempt to make the viewers believe that some of these like minded people could have found out about this town hall meeting on a facebook page we and other conservative media organizations in the state received audio from someone let s call him a concerned citizen who sat in on an indivisible meeting in lafayette earlier this week wherein plans were being made to do the same thing to cassidy tomorrow morning in breaux bridge moon griffon spliced a number of the audio cuts together into one clip of highlights from that meeting and it s worth a listen the hayridewe promise this is not your grandma s tea party here s the leaked audio what s not included in the moon griffon audio is this fun clip of the indivisible people proposing to coordinate with gov john bel edwards office which begs the question whether that proposal was made and or responded to edwards one might imagine has enough trouble with cassidy without being responsible for sending agitators into cassidy s town halls here s the reaction of the pastor and louisiana senator bill cassidy after organized protesters trashed his town hall meeting,1,0,0.0048357667
trump as cyberbully in chief twitter attack on union boss draws fire the new york times washington thirty years as a union boss in indiana have given chuck jones a thick skin but even threats to shoot him or burn his house down did not quite prepare him for becoming the target of a verbal takedown by the next president of the united states in what one republican strategist described as cyberbullying donald j trump derided mr jones on twitter accusing him of doing a terrible job representing workers and blaming him for the decisions by companies that ship american jobs overseas the twitter message from the at wednesday night and a second one urging mr jones to spend more time working less time talking continued mr trump s pattern of digital assaults most of them aimed at his political rivals reporters hollywood celebrities or female accusers on tuesday morning mr trump used twitter to assail boeing for escalating costs on the development of a new air force one but rarely has mr trump used twitter to express his ire at people like mr jones the president of united steelworkers local who described himself on thursday as just a regular working guy with the full power of the presidency just weeks away mr trump s decision to single out mr jones for ridicule has drawn condemnation from historians and white house veterans when you attack a man for living an ordinary life in an ordinary job it is bullying said nicolle wallace who was communications director for president george w bush and a top strategist to other republicans it is cyberbullying this is a strategy to bully somebody who dissents that s what is dark and disturbing robert dallek a presidential historian called the verbal attack unprecedented and added it s beneath the dignity of the office he doesn t seem to understand that frank sesno a former cnn washington bureau chief and now the director of the school of media and public affairs at george washington university said mr trump s willingness to weaponize his twitter feed especially against people who are not political rivals could produce a chilling effect on people willing to publicly criticize the president anybody who goes on air or goes public and calls out the president has to then live in fear that he is going to seek retribution in the public sphere mr sesno said that could discourage people from speaking out wednesday night s twitter message from mr trump came after mr jones on the cnn program erin burnett outfront challenged the s claims mr jones challenged mr trump s claim to have saved jobs in indiana at carrier corporation from being shipped overseas and said that of those jobs were already staying in the united states as mr jones spoke a graphic flashed across cnn s screens at p m referring to something mr jones said earlier in the week carrier union boss trump lied his a off less than minutes after mr jones s interview ended mr trump s twitter message appeared mr jones said he had just walked back into his house and hung up his coat when he got a call from a friend trump s hammering you on a tweet the friend said prompting a laugh from mr jones in the control room at cnn a planned story on immigration was scrapped and a booker went scrambling to get mr jones back on the air to respond mr trump s message to his million twitter followers set off threats and other harassing calls to mr jones one caller left five messages and two secretaries answering phones at the local s headquarters have been similarly swamped it s riled the people up mr jones said a lot of the people who have called and been not very nice to me they have been quite clear that they are trump supporters and i m an ungrateful mr jones refused on thursday to back down from his criticism of mr trump and he shrugged off mr trump s claim that he had not done enough to help the workers his union represents hell i know what i did for the last years mr jones said noting his work on behalf of pensions and salaries that average per hour but mr jones also said that he and the have been on the same side when it comes to trying to protect the livelihoods of workers he said he would happily collaborate with mr trump to try to save the carrier jobs still scheduled to be moved to mexico if he in fact called today and said let s get together to save the jobs i d be glad to do anything i possibly could to work with him in any fashion mr jones said i don t foresee that happening veterans of the white house say they do not know what to expect from mr trump whose actions since the election have broken with many presidential norms david axelrod who was a senior adviser to president obama said he always advised the current occupant of the oval office to be mindful of the extra power that his words carried once they were amplified by the most powerful megaphone in the world what you may think is a light tap is a howitzer mr axelrod said when you have the man in the most powerful office for whom there is no target too small that is a chilling prospect he has the ability to destroy people in characters throughout the campaign mr trump dashed off twitter messages in response to what he saw on television sometimes calling out specific television personalities like megyn kelly or joe scarborough by name mr trump has not stopped since he won the election when he abruptly took to twitter on nov to attack those who burn the american flag it happened shortly after a fox friends segment about a incident in recent weeks mr trump retweeted several people who were bashing the cnn reporter jeff zeleny and he has been critical of saturday night live and the show s trump impersonator alec baldwin whether mr trump will continue to use twitter as president is unclear though few people inside or outside mr trump s orbit believe he will give up his digital connection to millions of followers two spokesmen for mr trump did not respond to emails seeking comment on his twitter message about mr jones if he continues to tweet mr trump may discover that his words carry new weight and are given new meaning when they come from the white house ms wallace said he may end up having meetings with world leaders that do not go well and be tempted to tweet his disapproval it s irrevocable what you put out in a tweet it s not like you can take it back ms wallace said but she added that she does not expect mr trump to change his behavior once he is inaugurated there can be a transformation when you get into the office but it s usually on policy not behavior she said i m not sure that the office will change his nature,1,0,0.0048585054
top trump advisers are split on paris agreement on climate change the new york times washington the white house is fiercely divided over president trump s campaign promise to cancel the paris agreement the accord that binds nearly every country to curb global warming with more moderate voices maintaining that he should stick with the agreement despite his campaign pledge stephen k bannon mr trump s senior adviser is pressing the president to officially pull the united states from the landmark accord according to energy and government officials with knowledge of the debate but they say he is clashing with secretary of state rex tillerson and the president s daughter ivanka trump who fear the move could have broad and damaging diplomatic ramifications mr trump vowed on the campaign trail to tear up president barack obama s global warming policies and on the home front he is moving aggressively to meet those pledges with deep cuts to the environmental protection agency and a new e p a administrator scott pruitt who is a skeptic of climate science next week mr trump plans to sign an executive order directing mr pruitt to start the lengthy legal process of unwinding mr obama s e p a regulations for cutting greenhouse pollution from power plants those regulations are the linchpin of the last administration s program to meet the nation s obligations to reduce climate emissions under the paris agreement while the president cannot as mr trump suggested unilaterally undo a accord that has already been legally ratified he could initiate the process to withdraw the world s largest economy and climate polluter from the first worldwide deal to tackle global warming such a move would rend a global deal that has been hailed as historic throwing into question the fate of global climate policy and diplomats say the credibility of the united states but it would also demonstrate to his supporters that mr trump is a man of his word putting american coal interests ahead of a global deal forged by mr obama on one side of that debate is mr bannon who as a former chief executive of breitbart news published countless articles denouncing climate change as a hoax and who has vowed to push mr trump to transform all his major campaign promises into policy actions on the other side are ms trump mr tillerson and a slew of foreign policy advisers and career diplomats who argue that the fallout of withdrawing from the accord could be severe undercutting the united states credibility on other foreign policy issues and damaging relations with key allies although ms trump has not spoken out publicly for action to combat climate change proponents and opponents of such action see her as an ally former vice president al gore met with her during the trump transition and was ushered in by the first daughter to see the the actor and activist leonardo dicaprio even slipped her a dvd copy of his documentary president trump must not wobble on climate change no matter what ivanka says blared a breitbart post on monday written by james delingpole who is close to mr bannon and who leads the website s coverage of policy mr trump wants to make a decision by next week say people familiar with the white house s debate on the climate pact in order to announce his executive order to undo mr obama s climate regulations in conjunction with his plans for the paris deal according to leaked budget documents the president will also propose killing off nearly two dozen e p a programs including the clean power program climate partnership programs with local governments energy star grants to encourage efficiency research in consumer products and research those would be part of a broader budget submission that would cut the e p a s funding by percent to around billion from billion and its staff by percent if the goal is to fulfill the president s campaign promises and implement his agenda there is no value in staying in paris said thomas j pyle an adviser to the trump transition and the president of the institute for energy research an organization partly funded by the billionaire brothers charles g and david h koch who have worked for years to undermine policies mr trump has cited mr pyle s group as being influential in shaping his energy and climate proposals including his campaign pledge to withdraw from the paris deal the two greatest obstacles to a clexit climate exit from u n paris agreement are probably ivanka and tillerson wrote marc morano a former republican senate staff member who now runs climate depot a website that promotes the denial of climate science in an email tillerson with his seat at the table views could be biggest proponent of not withdrawing the u s from the agreement mr tillerson is a former chief executive of exxon mobil which like many major global corporations endorsed the paris agreement while his former company once denied climate change it has more recently publicly acknowledged the threat posed by burning oil and supported proposals to tax carbon dioxide pollution asked during his senate confirmation hearing about the paris accord mr tillerson said it s important that the u s maintains its seat at the table about how to address the threat of climate change which does require a global response under the paris agreement every nation has formally submitted plans detailing how it expects to lower its pollution the obama administration pledged that the united states would reduce its carbon pollution about percent from levels by however that pledge depends on enactment of mr obama s e p a regulations on power plants which mr trump and mr pruitt intend to substantially weaken or eliminate but under the paris deal those numerical targets are not legally binding and there are no sanctions for failing to meet them the primary legal requirements of the deal are that countries publicly put forth their emissions reductions targets and later put forth reports verifying how they are meeting the targets it would be possible for the trump administration to stay in the deal and submit a less ambitious target even senior republican voices in the foreign policy debate have said it may be wiser to stay in but keep a low profile there s really no obligation senator bob corker republican of tennessee and chairman of the foreign relations committee said in an interview it doesn t require us to do anything i think they may take a little time to assess whether pulling out makes sense now foreign policy experts say withdrawing from paris would have far greater diplomatic consequences than president george w bush s withdrawal from the world s first global accord the kyoto protocol i think it would be a major mistake even a historic mistake to disavow the paris deal said r nicholas burns a retired career diplomat and under secretary of state under mr bush in international politics trust reliability and keeping your commitments that s a big part of how other countries view our country mr burns said i can t think of an issue except perhaps nato where if the u s simply walks away it would have such a major negative impact on how we are seen the paris deal is more consequential than kyoto unlike that pact which required action only from developed economies the paris agreement includes commitments from every nation rich and poor to cut emissions including china and india the world s largest and polluters also the science of climate change has become far more certain and the impact more visible in the years since kyoto each of the last three years has surpassed the previous one as the hottest on record some of the united states closest allies are urging the trump administration not to pull out in a letter to mr trump after he won the election chancellor angela merkel of germany wrote partnership with the united states is and will remain a keystone of german foreign policy especially so that we can tackle the great challenges of our time they include she wrote working to develop farsighted climate policy as mr trump and his advisers weigh their paris options one proposal is gaining traction according to participants in the debate mr trump could declare that the paris agreement is a treaty that requires ratification by the senate the pact was designed not to have the legal force of a treaty specifically so that it would not have to go before the united states senate which would have assuredly failed to ratify it if there are camps forming in the white house then let the people decide the elected representatives mr pyle said let s put the question to them proponents of that idea say it could shift some of the weight of the decision from mr trump to senator mitch mcconnell of kentucky the majority leader at least in the eyes of some foreign diplomats and of the president s daughter,1,0,0.0050712526
hillary clinton donald trump nato your thursday evening briefing the new york times want to get this briefing by email here s the good evening here s the latest minnesota s governor called for a federal investigation into the police shooting of a black man philando castile during a traffic stop mr castile s girlfriend above streamed the aftermath live on facebook immersing viewers in the grisly scene below it has been replayed more than four million times with a composure periodically fractured by wailing she described an officer shooting at least four times after mr castile began complying with a request to produce his registration and alerted the officer that he had a licensed gun an emotional president obama said all americans should be troubled by the shootings caught on video this week in minnesota and louisiana a house panel questioned the f b i director james comey for nearly four hours about the bureau s decision not to recommend criminal charges against hillary clinton under strong republican pressure mr comey reiterated that while mrs clinton s use of a personal email network as secretary of state showed great carelessness it did not meet the bar for criminality but he also said a series of her statements were untrue those included her assertions that none of the emails were marked classified and that she had turned over all emails donald trump held a series of meetings with congressional republicans that turned rocky a spokesman for senator ben sasse of nebraska said the meeting had not persuaded him to endorse mr trump calling the election a dumpster fire mr trump also raised a new wave of anxiety about his motives and temperament hedging when asked about speculation that he might win the presidency but decline to serve i ll let you know how i feel about it after it happens he told our reporter democrats are seeking to leverage mr trump s unpopularity among broad sectors of voters in other november elections they plan to spend million on ads painting the republican party as one with mr trump and several democrats said bernie sanders would endorse mrs clinton next week good news for the researchers found that riding an electric bike one that supplements rather than replaces the rider s effort can still provide a workout comparable to brisk walking or an easy jog and the subjects reported that their rides were a blast the study s lead author said germany took a significant step on women s rights german lawmakers unanimously passed a law that makes it easier to prosecute violence against women it defines rape as a violation of a woman s will affirming that no means no the measure includes a provision for abuses in crowds which was added after reports of widespread sexual assault in cologne on new year s eve above a protest over those assaults in january one of our stories today is an essay by a former hedge fund trader on the damage done by pervasive sexist bro talk in the financial world comments about women s bodies and sexual appeal he writes produce a force field of disrespect and exclusion that makes it incredibly difficult for women to ascend the wall street ladder opening this weekend the secret life of pets an animated frolic voiced by the likes of louis c k hannibal buress jenny slate kevin hart and ellie kemper our reviewer writes while this movie never achieves and does not really aim for the emotional richness or visual inventiveness of the better pixar features or the sly social consciousness of zootopia it has a playful absurdity and a winning friendly spirit the lake was our mother and our father without this lake where do we go our special report on the evaporation of bolivia s lake poop tracks the plight of indigenous people robbed of their way of life by climate change the lake after suffering decades of water diversions and el ni o droughts basically disappeared in december making climate refugees of those who once lived by its waters president obama left for poland where he will attend his final nato summit meeting the agenda promises to be crammed given the need to address russia s provocative policies in eastern europe the continent s migrant crisis fears of more terrorism and not least the disruption of britain s vote to exit the european union your evening briefing is posted at p m eastern and don t miss your morning briefing posted weekdays at a m eastern and your weekend briefing posted at a m sundays want to look back here s last night s briefing what did you like what do you want to see here let us know at com,1,0,0.0068011577
factbox trump on twitter july g putin syria the following statements were posted to the verified twitter accounts of u s president donald trump and the opinions expressed are his own reuters has not edited the statements or confirmed their accuracy the g summit was a great success for the u s explained that the u s must fix the many bad trade deals it has made will get done edt i strongly pressed president putin twice about russian meddling in our election he vehemently denied it i ve already given my opinion edt we negotiated a ceasefire in parts of syria which will save lives now it is time to move forward in working constructively with russia edt putin i discussed forming an impenetrable cyber security unit so that election hacking many other negative things will be guarded edt and safe questions were asked about why the cia fbi had to ask the dnc times for their server and were rejected still don t edt have it fake news said intel agencies when actually had to apologize why did obama do nothing when he had info before election edt sanctions were not discussed at my meeting with president putin nothing will be done until the ukrainian syrian problems are solved edt make america great again edt for years even as a civilian i listened as republicans pushed the repeal and replace of obamacare now they finally have their chance edt syrian ceasefire seems to be holding many lives can be saved came out of meeting good edt the fact that president putin and i discussed a cyber security unit doesn t mean i think it can happen it can t but a ceasefire can did edt source link bit ly jbh lu bit ly jpexyr,1,0,0.0080921035
globally orlando attack strikes now familiar fault lines the new york times rome by monday morning the grim if now familiar global ritual had begun leaders across europe asia and elsewhere sent messages of sympathy and outrage editorialists opined against extremism and violence symbolic gestures another special lighting of the eiffel tower were announced solidarity hashtags circled the virtual globe the orlando attack now ranks as the deadliest mass shooting in united states history and the horrific slaughter early sunday at a gay nightclub has a uniquely american component again demonstrating an easy access to assault weapons that stupefies much of the rest of the world but judging from the initial reaction the attack in florida resonated globally on monday not as an american anomaly but because it felt so universal orlando now takes a place with paris brussels beirut bamako san bernardino and other cities struck by different incarnations of terrorism in recent years candles were once lit in their honor too the orlando attack is already stirring debate on some of the most visceral fault lines of american politics terrorism and islamophobia security and civil liberties gun control and gay rights but absent guns those issues also resonate across the world especially in many developed countries wrestling with how to maintain their freedoms in the face of violent attacks on their values in an interconnected world what seemed most relevant was what bound together the satirists of charlie hebdo the rock music fans at the bataclan the tourists at the brussels airport and the young people dancing early sunday at the pulse nightclub in orlando not what divided them and their societies but that connectedness also meant that orlando quickly became politicized globally as well as in the united states one organization campaigning for britain to leave the european union in the june national referendum posted a campaign message on twitter that showed islamic state fighters warning of an atrocity if britain remained in the european bloc the group deleted the message after the person who posted it was widely condemned for many gays lesbians and transgender people the orlando attack was a searing moment highlighting the continued threats they face from an ideologically varied array of sources even as much of the world grows more inclusive about sexuality in london owen jones a liberal columnist who is gay walked off the set of a sky news program after arguing with the host on how the orlando attack should be defined mr jones argued it was both a terrorist attack and an hate crime while the program s host sought to make a distinction between the two this guy however he dresses up his bigotry and hatred is someone who hates gays mr jones said of the killer if he went into a synagogue and killed innocent jewish people as people have done disgusting terrorists we d call it out for what it is this was a homophobic hate crime as well as terrorism the day before the orlando attack thousands of people took part in gay pride parades in croatia and poland amid concerns about rising political trends in brazil a spate of killings of gay and transgender people has started an intense debate with some brazilians arguing that the rising clout of evangelical christian legislators is increasing intolerance in the country these killings in orlando were motivated by the most sordid homophobia said jean wyllys an openly gay congressman from rio de janeiro this could have happened to any of us to me to a friend a work colleague a neighbor a cousin they could be dead if they had been in orlando enjoying themselves at a club without harming anyone else europe s mainstream political leaders were quick to offer condolences on monday and affirm their friendship with the american people chancellor angela merkel of germany condemned such a murderous attack and declared a determination to continue our open tolerant life tel aviv s city hall was bathed in the colors of the rainbow and the american flag on sunday night the town hall in sydney australia was lit in pink in britain the cities of blackpool and liverpool said they would light local landmarks with rainbow colors on monday night in memory of the victims even so the orlando killings come as political parties in europe are stoking sentiments in a similar vein to donald j trump the presumptive republican presidential nominee in the united states as mr trump quickly seized on the massacre to renew his call to view muslim immigrants as a threat some politicians in the european right did the same hungary s government has been in the vanguard on resisting migrants and championing a illiberal democracy on monday lajos kosa the parliamentary leader of the governing party invoked the orlando attacks as a cudgel to repeat the party s campaign against migrants from syria and other muslim nations uncontrolled migration forced resettlement the inflow of crowds into european society who not only cannot but do not want to integrate come with enormous dangers mr kosa told a plenary session of the hungarian parliament on monday in recent years as europe has struggled to respond to islamist terrorism security in the united states was regarded as more efficient and better organized europe s national security agencies were poorly coordinated and blamed for failing to root out cells of homegrown islamist terrorists especially in france and belgium now after the attacks in orlando and san bernardino calif the united states also seems likely to confront difficult questions about the government s ability to track and stop determined killers especially those who operate largely on their own drawing inspiration but not practical support from groups like the islamic state the questions are likely to be especially pointed for the f b i given that it had twice investigated the orlando killer omar mateen for possible terrorist ties for years america s liberal gun laws and the unwillingness of congress to change them have mystified people in many other countries in japan the american gun issue is treated as a bizarre aberration and much of the news media coverage of the orlando killings focused on the terrorism angle only one person was killed by a gun last year in japan according to the national police agency and there were only eight reported incidents of a gun being fired in china news of the orlando shooting came only hours after a man set off primitive explosives in the area at an airport in shanghai four people were slightly injured showing the gulf between the two countries in the lethality of the weapons available to the public in china where ordinary citizens have no access to firearms the weapon of choice is often a large kitchen knife more than chinese students are studying at american universities and the orlando shooting brought on new concerns from chinese parents gao junlan a lawyer from southwestern china s sichuan province was concerned about her daughter a chemistry student at the university of minnesota her daughter was at the shanghai airport when the explosives were detonated there waiting to catch a flight to the united states i think the american government should tighten its gun control ms gao said by telephone yes it is a free society for people with all religions and beliefs but not everyone is capable of controlling their behavior and the government s lax regulation is making killing a lot easier,1,0,0.008335495
u s embassy move can be done in two minutes jerusalem mayor jerusalem reuters israel s mayor of jerusalem nir barkat said on tuesday that moving the u s embassy in israel from tel aviv to the holy city can take two minutes senior u s officials have said president donald trump is likely on wednesday to recognize jerusalem as israel s capital while delaying relocating the embassy from tel aviv for another six months though he is expected to order his aides to begin planning such a move immediately the officials said however that no final decisions have been made as an outcry grew across the middle east and among world powers against any unilateral u s decision on jerusalem barkat said the united states would only have to convert one of its existing assets in the city such as its consulate located in west jerusalem they just take the symbol of the consulate and switch it to the embassy symbol two american marines can do it in two minutes and give the ambassador david friedman a space to sit in barkat told israel radio the implementation of this decision is immediate and then later slowly start moving the employees in a more structured manner to begin providing services in jerusalem barkat said the status of jerusalem is one of the major stumbling blocks in decades of on and off israeli palestinian peace talks the palestinians want east jerusalem as the capital of their future state israel considers all of the city its indivisible eternal capital jerusalem is home to sites holy to islam judaism and christianity israel captured arab east jerusalem during the middle east war and later annexed it a move not recognized internationally u s endorsement of israel s claim to all of jerusalem as its capital would break with decades of u s policy that the city s status must be decided in negotiations with the palestinians,1,0,0.008949296
epa watchdog expands audit of administrator s travel memo washington reuters the u s environmental protection agency s watchdog is expanding a review of administrator scott pruitt s frequent travels to his home state oklahoma to include more recent trips taken on military and charter flights according to a memo seen on friday the office of inspector general had been investigating the frequency cost and extent of pruitt s travels to oklahoma through july and will now expand the active audit to include all travel including the use of private and military flights he has taken up to sept the expanded review coincides with heightened scrutiny surrounding the travels of president donald trump s cabinet officials with reports that some have spent tens and hundreds of thousands of dollars for non commercial flights health and human services secretary tom price resigned last week over his use of costly private charter planes for government business the interior department s own inspector general last week confirmed it also opened an investigation into travels by interior secretary ryan zinke after receiving numerous complaints about his use of three chartered flights including one on an aircraft owned by an oil and gas executive energy secretary rick perry also used a private charter flight last week reuters reported the flight cost according to travel records provided to reuters by the department of energy the records show that perry took four non commercial flights between may and last week totaling nearly of taxpayer money department spokeswoman shaylyn hayes said in a statement on friday that in the rare instances where government owned or chartered aircraft have been used trips were pre approved by an ethics officer within the office of general counsel separately a spokeswoman for the energy department s inspector general office could not confirm nor deny whether it is investigating his travels in addition to investigating the frequency of pruitt s travels the watchdog is also evaluating whether pruitt followed epa travel protocols and whether epa s policies and procedures are sufficiently designed to prevent fraud waste and abuse with the administrator s travel pruitt has taken at least four flights that were either not commercial or military chartered since mid february according to government records epa spokeswoman liz bowman said the four non commercial flights had been cleared by epa lawyers pruitt had also traveled to oklahoma on at least of the days of march april and may according to copies of his travel records obtained by the environmental integrity project watchdog and reviewed by reuters last month which prompted the initial investigation,1,0,0.011845091
